STNR,DATO,HR,PO,TA,UH,TD,DD,FF
180,01-JAN-13      ,0,938.5,0.2,99,0,-9999,4
180,01-JAN-13      ,1,938.1,0.2,98,0,112,0.9
180,01-JAN-13      ,2,937.8,0.2,99,0,111,0.9
180,01-JAN-13      ,3,937.6,0.7,99,0.4,133,1.9
180,01-JAN-13      ,4,937.7,1.5,99,1.3,102,2.2
180,01-JAN-13      ,5,938,2.1,98,1.9,107,2.7
180,01-JAN-13      ,6,938.7,2.2,96,1.7,123,2.2
180,01-JAN-13      ,7,939.6,1.3,97,0.9,156,1.1
180,01-JAN-13      ,8,940.9,1.1,97,0.6,122,1.6
180,01-JAN-13      ,9,941.7,-0.3,97,-0.7,112,1.2
180,01-JAN-13      ,10,942.5,0.6,98,0.4,122,2.4
180,01-JAN-13      ,11,943.2,0.3,97,-0.2,127,2.5
180,01-JAN-13      ,12,943.8,0.1,97,-0.2,119,2.7
180,01-JAN-13      ,13,944.3,-0.2,98,-0.5,133,1.5
180,01-JAN-13      ,14,944.9,-0.9,98,-1.2,140,2.5
180,01-JAN-13      ,15,945.5,-1.1,97,-1.7,115,2.7
180,01-JAN-13      ,16,946.1,-2.1,96,-2.7,135,1.9
180,01-JAN-13      ,17,946.9,-3.4,98,-3.5,125,1.5
180,01-JAN-13      ,18,947.7,-4.2,97,-4.4,300,1.2
180,01-JAN-13      ,19,948.2,-4.9,97,-5.3,145,0.6
180,01-JAN-13      ,20,948.8,-4.7,97,-5,229,0.7
180,01-JAN-13      ,21,949.3,-4.6,97,-5,100,0.8
180,01-JAN-13      ,22,949.9,-5.1,96,-5.7,122,0.8
180,01-JAN-13      ,23,950.6,-5.6,96,-6.3,106,1.1
180,02-JAN-13      ,0,951.2,-6,95,-6.7,144,0.4
180,02-JAN-13      ,1,952,-6.2,96,-7,119,0.6
180,02-JAN-13      ,2,952.8,-6.3,95,-7,106,1
180,02-JAN-13      ,3,953.5,-5.6,97,-6,289,1.6
180,02-JAN-13      ,4,954.2,-5.9,96,-6.7,298,2
180,02-JAN-13      ,5,955.1,-7.1,94,-7.8,285,3
180,02-JAN-13      ,6,955.8,-8.4,93,-9.4,285,1.8
180,02-JAN-13      ,7,956.7,-8.8,93,-9.8,285,1.4
180,02-JAN-13      ,8,957.8,-8.7,94,-9.4,121,0.2
180,02-JAN-13      ,9,958.7,-8,94,-8.9,297,0.9
180,02-JAN-13      ,10,958.8,-7.6,94,-8.1,188,0.3
180,02-JAN-13      ,11,959.3,-8.1,94,-8.9,247,0.5
180,02-JAN-13      ,12,959.9,-9.1,92,-9.8,134,0.8
180,02-JAN-13      ,13,960.4,-9.8,92,-10.7,183,0.4
180,02-JAN-13      ,14,961,-9.8,94,-10.7,181,1.2
180,02-JAN-13      ,15,962.1,-9.8,93,-10.7,139,1
180,02-JAN-13      ,16,962.7,-10.7,92,-11.6,176,0.7
180,02-JAN-13      ,17,963.2,-10.8,93,-11.6,195,0.5
180,02-JAN-13      ,18,963.3,-12.2,91,-13.2,68,0.9
180,02-JAN-13      ,19,963.8,-11.7,94,-12.1,141,1.4
180,02-JAN-13      ,20,963.7,-11.3,93,-12.1,261,1.6
180,02-JAN-13      ,21,963.6,-11.1,92,-12.1,111,0.8
180,02-JAN-13      ,22,963.2,-12.4,91,-13.2,259,0.3
180,02-JAN-13      ,23,963.2,-13.8,90,-15,171,0.1
180,03-JAN-13      ,0,962.5,-14.5,90,-15.6,82,0.1
180,03-JAN-13      ,1,961.4,-14.5,90,-15.6,112,0.8
180,03-JAN-13      ,2,960.7,-13.2,92,-14.4,77,0.5
180,03-JAN-13      ,3,959.4,-12.2,93,-13.2,305,0.4
180,03-JAN-13      ,4,958.3,-11.3,93,-12.1,131,0.5
180,03-JAN-13      ,5,957,-10.5,93,-11.2,105,1.3
180,03-JAN-13      ,6,956.4,-9.9,93,-10.7,89,0.5
180,03-JAN-13      ,7,955.7,-9.4,93,-10.2,105,0.4
180,03-JAN-13      ,8,955.4,-8.7,94,-9.4,295,0.9
180,03-JAN-13      ,9,955.5,-8.2,94,-8.9,113,0.5
180,03-JAN-13      ,10,955.7,-7.4,94,-8.1,294,0.7
180,03-JAN-13      ,11,956,-6.6,94,-7.4,307,0.1
180,03-JAN-13      ,12,956.3,-6.2,96,-7,292,1
180,03-JAN-13      ,13,956.7,-5.7,95,-6.3,318,1.3
180,03-JAN-13      ,14,957.6,-5.6,95,-6.3,85,0.3
180,03-JAN-13      ,15,958.8,-5.7,95,-6.3,68,0.8
180,03-JAN-13      ,16,959.8,-6.4,96,-7,108,0.9
180,03-JAN-13      ,17,960.5,-5.6,97,-6,163,0.7
180,03-JAN-13      ,18,961.3,-6,97,-6.3,100,1.3
180,03-JAN-13      ,19,961.4,-6.5,97,-6.7,126,1.4
180,03-JAN-13      ,20,961.8,-7.2,95,-7.8,151,1.6
180,03-JAN-13      ,21,963.1,-8.2,94,-8.9,334,1.1
180,03-JAN-13      ,22,963.7,-9.5,92,-10.2,213,0.9
180,03-JAN-13      ,23,964.2,-9.9,93,-10.7,60,0.7
180,04-JAN-13      ,0,965,-10.7,92,-11.6,121,0.5
180,04-JAN-13      ,1,965.6,-11.2,92,-12.1,54,0.8
180,04-JAN-13      ,2,966.2,-11.7,92,-12.7,114,0.9
180,04-JAN-13      ,3,966.7,-12,92,-13.2,302,0.8
180,04-JAN-13      ,4,967.3,-11.5,93,-12.7,301,1
180,04-JAN-13      ,5,968.3,-10,94,-10.7,115,1.3
180,04-JAN-13      ,6,968.8,-7.8,95,-8.5,167,1
180,04-JAN-13      ,7,969.2,-7.4,95,-8.1,101,0.7
180,04-JAN-13      ,8,969.4,-6.9,95,-7.8,43,0.2
180,04-JAN-13      ,9,969.7,-5.8,96,-6.3,297,0.4
180,04-JAN-13      ,10,970.3,-5,97,-5.3,312,0.6
180,04-JAN-13      ,11,970.5,-3.7,97,-4.1,301,0.6
180,04-JAN-13      ,12,970.8,-3.4,97,-3.5,251,0.6
180,04-JAN-13      ,13,971.2,-2.4,97,-3,313,1.1
180,04-JAN-13      ,14,971.7,-2.3,97,-2.7,266,0.3
180,04-JAN-13      ,15,972.1,-2.5,97,-3,278,0.8
180,04-JAN-13      ,16,972.5,-3.5,97,-3.8,306,1.3
180,04-JAN-13      ,17,973.3,-4.9,95,-5.7,265,0.9
180,04-JAN-13      ,18,974.1,-5.9,96,-6.7,108,0.3
180,04-JAN-13      ,19,975,-3,98,-3.3,305,1.6
180,04-JAN-13      ,20,975.9,-3.2,97,-3.5,319,0.7
180,04-JAN-13      ,21,976.8,-2.6,97,-3,317,1.3
180,04-JAN-13      ,22,977.9,-3,97,-3.3,33,0.5
180,04-JAN-13      ,23,978.9,-2.8,97,-3,316,0.8
180,05-JAN-13      ,0,979.6,-3.7,96,-4.4,277,1
180,05-JAN-13      ,1,980.1,-5.3,96,-6,271,1.2
180,05-JAN-13      ,2,980.6,-6.6,95,-7.4,138,0.9
180,05-JAN-13      ,3,981.1,-7.1,95,-7.8,113,0.4
180,05-JAN-13      ,4,981.5,-7.6,95,-8.1,139,0.2
180,05-JAN-13      ,5,981.7,-7.7,95,-8.5,0,0
180,05-JAN-13      ,6,981.7,-7.4,95,-8.1,0,0
180,05-JAN-13      ,7,981.8,-7.3,95,-8.1,129,0.3
180,05-JAN-13      ,8,981.6,-7.1,95,-7.8,85,0.6
180,05-JAN-13      ,9,981.6,-7.1,95,-7.8,79,0.2
180,05-JAN-13      ,10,981.8,-5.9,97,-6.3,117,0.5
180,05-JAN-13      ,11,981.8,-5.1,96,-5.7,238,0.6
180,05-JAN-13      ,12,981.6,-4,97,-4.4,356,0.1
180,05-JAN-13      ,13,981.1,-3.1,97,-3.3,315,0.6
180,05-JAN-13      ,14,981.1,-3.2,96,-3.8,112,0.4
180,05-JAN-13      ,15,980.9,-3.2,97,-3.5,210,0.1
180,05-JAN-13      ,16,980.9,-3.1,97,-3.3,0,0
180,05-JAN-13      ,17,980.5,-2.9,97,-3.3,297,0.3
180,05-JAN-13      ,18,980.4,-2.6,97,-3,313,0.7
180,05-JAN-13      ,19,980.2,-2.4,97,-3,307,0.1
180,05-JAN-13      ,20,979.8,-2.2,97,-2.7,310,1.3
180,05-JAN-13      ,21,979.3,-2,97,-2.4,274,0.4
180,05-JAN-13      ,22,978.8,-2.4,98,-2.7,112,0.7
180,05-JAN-13      ,23,978.5,-2.3,97,-2.7,95,0.2
180,06-JAN-13      ,0,977.9,-2,98,-2.2,320,0.7
180,06-JAN-13      ,1,977.5,-1.7,98,-1.9,277,1.1
180,06-JAN-13      ,2,977.3,-1.3,98,-1.4,335,0.8
180,06-JAN-13      ,3,976.6,-1,98,-1.2,313,0.6
180,06-JAN-13      ,4,976.1,-1,98,-1.2,332,0.7
180,06-JAN-13      ,5,976.1,-1,98,-1.2,271,0.1
180,06-JAN-13      ,6,976.3,-0.8,98,-0.9,57,0.2
180,06-JAN-13      ,7,976.6,-0.6,98,-0.9,104,1.3
180,06-JAN-13      ,8,976.9,-0.4,98,-0.7,111,0.1
180,06-JAN-13      ,9,977.2,-0.2,98,-0.5,355,0.1
180,06-JAN-13      ,10,977.4,0.1,98,0,0,0
180,06-JAN-13      ,11,977.6,0.1,98,0,18,0.5
180,06-JAN-13      ,12,978.3,0.2,98,0,0,0
180,06-JAN-13      ,13,978.5,0.2,98,0,129,0.9
180,06-JAN-13      ,14,978.6,0.2,98,0,163,0.6
180,06-JAN-13      ,15,978.9,0.1,98,0,180,0.5
180,06-JAN-13      ,16,979.5,0.1,98,0,282,0.6
180,06-JAN-13      ,17,979.9,0,98,-0.2,107,0.3
180,06-JAN-13      ,18,980.2,0,98,-0.2,57,0.1
180,06-JAN-13      ,19,980.6,0,98,-0.2,322,0.8
180,06-JAN-13      ,20,981.1,0.1,98,0,70,0.8
180,06-JAN-13      ,21,981.1,0,99,-0.2,165,0.8
180,06-JAN-13      ,22,981.1,0,99,-0.2,118,0.5
180,06-JAN-13      ,23,980.8,-0.3,99,-0.5,348,1
180,07-JAN-13      ,0,981,-0.9,99,-1.2,317,1.2
180,07-JAN-13      ,1,980.9,-1.4,99,-1.7,351,0.4
180,07-JAN-13      ,2,981.1,-1.3,99,-1.4,322,0.5
180,07-JAN-13      ,3,980.7,-1.3,99,-1.4,349,0.5
180,07-JAN-13      ,4,980.5,-1.3,99,-1.4,256,0.3
180,07-JAN-13      ,5,979.8,-1.3,99,-1.4,137,0.9
180,07-JAN-13      ,6,979.5,-0.9,99,-1.2,117,1.6
180,07-JAN-13      ,7,979.2,-0.8,99,-0.9,122,1.7
180,07-JAN-13      ,8,978.9,-0.8,99,-0.9,110,1.5
180,07-JAN-13      ,9,978.8,-0.6,99,-0.9,120,2.4
180,07-JAN-13      ,10,978.4,-0.5,99,-0.7,119,2
180,07-JAN-13      ,11,977.3,-0.4,99,-0.7,123,2.7
180,07-JAN-13      ,12,976.5,-0.5,98,-0.7,109,2.3
180,07-JAN-13      ,13,976.2,-0.5,99,-0.7,108,2.9
180,07-JAN-13      ,14,975.8,-0.7,98,-0.9,95,2.3
180,07-JAN-13      ,15,975.2,-0.8,98,-0.9,96,2.2
180,07-JAN-13      ,16,974.6,-0.9,98,-1.2,101,2.2
180,07-JAN-13      ,17,974,-0.8,98,-0.9,115,2.2
180,07-JAN-13      ,18,973.8,-0.7,98,-0.9,93,2.2
180,07-JAN-13      ,19,973.2,-0.8,98,-0.9,112,2.3
180,07-JAN-13      ,20,972.5,-0.7,98,-0.9,115,1.7
180,07-JAN-13      ,21,972.5,-0.8,98,-0.9,97,1.9
180,07-JAN-13      ,22,972.1,-0.8,98,-0.9,121,0.7
180,07-JAN-13      ,23,971.7,-0.9,98,-1.2,95,1.2
180,08-JAN-13      ,0,971.1,-1,98,-1.2,125,1.7
180,08-JAN-13      ,1,971.2,-0.9,98,-1.2,270,0.3
180,08-JAN-13      ,2,971.2,-1,97,-1.4,261,0.9
180,08-JAN-13      ,3,971.3,-1.2,97,-1.7,318,0.2
180,08-JAN-13      ,4,971.1,-1.1,97,-1.7,266,1.2
180,08-JAN-13      ,5,971.4,-1.2,96,-1.7,284,1.3
180,08-JAN-13      ,6,971.6,-2,96,-2.4,335,0.9
180,08-JAN-13      ,7,972,-2,97,-2.4,298,1.2
180,08-JAN-13      ,8,972.6,-2.1,96,-2.7,284,2
180,08-JAN-13      ,9,973.3,-2.6,96,-3.3,277,2.2
180,08-JAN-13      ,10,973.6,-3,95,-3.5,295,2.5
180,08-JAN-13      ,11,973.8,-3.4,96,-3.8,299,2
180,08-JAN-13      ,12,974.1,-3.5,95,-4.1,313,1.1
180,08-JAN-13      ,13,974.5,-3.5,96,-4.1,9,0.3
180,08-JAN-13      ,14,974.5,-3.8,96,-4.4,77,0.6
180,08-JAN-13      ,15,974.4,-4,97,-4.4,36,1.1
180,08-JAN-13      ,16,975,-4.5,96,-5,277,0.8
180,08-JAN-13      ,17,975.1,-5.7,95,-6.3,260,0.9
180,08-JAN-13      ,18,975,-6.8,96,-7,323,1.6
180,08-JAN-13      ,19,974.8,-8.8,94,-9.8,41,0.3
180,08-JAN-13      ,20,974.8,-10.2,94,-11.2,307,1.1
180,08-JAN-13      ,21,974.3,-10.6,93,-11.6,260,0.6
180,08-JAN-13      ,22,973.9,-12.2,91,-13.2,82,0.1
180,08-JAN-13      ,23,973.4,-12.4,91,-13.2,0,0
180,09-JAN-13      ,0,973,-12.2,92,-13.2,310,0.6
180,09-JAN-13      ,1,972.1,-12.5,92,-13.8,131,0.1
180,09-JAN-13      ,2,971.5,-12.5,91,-13.8,135,0.1
180,09-JAN-13      ,3,970.5,-12.4,92,-13.2,115,0.1
180,09-JAN-13      ,4,969.8,-11.7,92,-12.7,255,0.1
180,09-JAN-13      ,5,969.3,-10.8,93,-11.6,320,0.6
180,09-JAN-13      ,6,968.6,-10.4,93,-11.2,289,1.4
180,09-JAN-13      ,7,968.6,-10.5,93,-11.2,130,0.8
180,09-JAN-13      ,8,968.4,-9.9,93,-10.7,18,0.7
180,09-JAN-13      ,9,968.5,-9.7,94,-10.7,146,0.7
180,09-JAN-13      ,10,968.9,-9.1,94,-9.8,50,0.2
180,09-JAN-13      ,11,968.6,-7.8,95,-8.5,239,0.3
180,09-JAN-13      ,12,968.5,-7.1,94,-7.8,256,0.7
180,09-JAN-13      ,13,968.7,-5.7,96,-6.3,313,0.7
180,09-JAN-13      ,14,968.6,-5,96,-5.7,283,1.8
180,09-JAN-13      ,15,969,-4.5,96,-5,305,1.1
180,09-JAN-13      ,16,969,-4.6,96,-5.3,262,0.7
180,09-JAN-13      ,17,969.4,-2.9,85,-5,330,3
180,09-JAN-13      ,18,969.7,-3.7,88,-5.7,290,1
180,09-JAN-13      ,19,969.8,-4.4,91,-5.7,271,0.8
180,09-JAN-13      ,20,970,-5,94,-6,150,0.7
180,09-JAN-13      ,21,969.8,-6.2,94,-7,160,1.2
180,09-JAN-13      ,22,969.8,-8.8,93,-9.8,205,0.7
180,09-JAN-13      ,23,970.1,-4.7,87,-6.7,315,2.9
180,10-JAN-13      ,0,970.5,-7.1,89,-8.5,326,1
180,10-JAN-13      ,1,970.6,-7.6,88,-8.9,298,0.7
180,10-JAN-13      ,2,970.6,-5.2,83,-7.4,328,3
180,10-JAN-13      ,3,970.7,-6.6,85,-8.9,278,1.3
180,10-JAN-13      ,4,970.4,-9.3,93,-10.2,153,0.8
180,10-JAN-13      ,5,970.3,-5.5,85,-7.4,306,3.9
180,10-JAN-13      ,6,970.6,-5.7,84,-7.8,300,2.3
180,10-JAN-13      ,7,970.9,-5.2,90,-6.3,304,1.1
180,10-JAN-13      ,8,971,-5.7,91,-7,138,0.8
180,10-JAN-13      ,9,971.3,-5.4,93,-6.3,43,0.8
180,10-JAN-13      ,10,971.5,-2.4,83,-5,327,2.6
180,10-JAN-13      ,11,971.4,-1.6,79,-4.7,324,2.4
180,10-JAN-13      ,12,971.5,-1.4,75,-5.3,305,4
180,10-JAN-13      ,13,971.5,-1.6,77,-5,322,4.4
180,10-JAN-13      ,14,972,-2.1,78,-5.3,340,3.5
180,10-JAN-13      ,15,972.4,-2.2,74,-6.3,323,4.4
180,10-JAN-13      ,16,972.9,-2.9,71,-7.4,340,4.5
180,10-JAN-13      ,17,973.2,-3.2,77,-6.7,318,1.5
180,10-JAN-13      ,18,973.3,-3.4,80,-6.3,327,3.7
180,10-JAN-13      ,19,973.6,-3.6,75,-7.4,337,4
180,10-JAN-13      ,20,974.1,-4.1,71,-8.5,349,3.8
180,10-JAN-13      ,21,974.7,-5,74,-8.9,343,3.9
180,10-JAN-13      ,22,974.9,-5.4,74,-9.4,356,3
180,10-JAN-13      ,23,975.3,-6,73,-10.2,312,3.8
180,11-JAN-13      ,0,975.6,-6.8,73,-10.7,308,2
180,11-JAN-13      ,1,975.7,-7.7,78,-10.7,330,2.2
180,11-JAN-13      ,2,976.2,-8.9,87,-10.7,302,1.9
180,11-JAN-13      ,3,976.8,-7.1,76,-10.7,320,3.4
180,11-JAN-13      ,4,976.9,-8.1,77,-11.6,315,1.8
180,11-JAN-13      ,5,977.4,-8,78,-11.2,358,1.7
180,11-JAN-13      ,6,977.8,-8.8,78,-12.1,335,0.8
180,11-JAN-13      ,7,978.2,-9.2,87,-11.2,263,1.7
180,11-JAN-13      ,8,978.4,-8.9,81,-11.6,316,1.9
180,11-JAN-13      ,9,978.7,-9,77,-12.1,340,2.4
180,11-JAN-13      ,10,978.8,-8.4,76,-12.1,301,2.3
180,11-JAN-13      ,11,978.9,-8.6,74,-12.1,281,1.8
180,11-JAN-13      ,12,979.4,-8.4,77,-11.6,294,1.9
180,11-JAN-13      ,13,979.3,-8.2,82,-10.7,328,2.3
180,11-JAN-13      ,14,979.4,-11.6,86,-13.2,201,1.4
180,11-JAN-13      ,15,979.6,-13,90,-13.8,172,0.8
180,11-JAN-13      ,16,979.4,-14.5,90,-15.6,135,0.4
180,11-JAN-13      ,17,979.4,-16,88,-17,225,0.3
180,11-JAN-13      ,18,979.4,-16.1,90,-17.8,215,0.3
180,11-JAN-13      ,19,979.8,-16.9,89,-18.6,114,0.3
180,11-JAN-13      ,20,979.8,-15.6,92,-16.3,105,0.8
180,11-JAN-13      ,21,980.1,-16.5,89,-17.8,86,0.2
180,11-JAN-13      ,22,980.3,-12.7,88,-14.4,287,2.6
180,11-JAN-13      ,23,980.3,-13.2,87,-15,287,2
180,12-JAN-13      ,0,980.2,-13.6,85,-15.6,289,2.6
180,12-JAN-13      ,1,980.2,-13.8,85,-15.6,282,2.7
180,12-JAN-13      ,2,980.2,-14.7,85,-16.3,341,1
180,12-JAN-13      ,3,979.9,-14.6,85,-16.3,294,1.8
180,12-JAN-13      ,4,979.8,-14.8,86,-17,278,3
180,12-JAN-13      ,5,980,-15.9,86,-17.8,314,1.4
180,12-JAN-13      ,6,980,-15.2,84,-17,295,2.7
180,12-JAN-13      ,7,980,-15.4,85,-17.8,308,2.5
180,12-JAN-13      ,8,980.3,-16.1,83,-18.6,308,2.3
180,12-JAN-13      ,9,980.6,-16.5,83,-18.6,317,1.5
180,12-JAN-13      ,10,980.9,-16.2,83,-18.6,271,0.4
180,12-JAN-13      ,11,980.8,-15.8,77,-18.6,324,0.9
180,12-JAN-13      ,12,980.6,-13.9,78,-17,282,2.3
180,12-JAN-13      ,13,980.5,-14.6,81,-17,314,1.2
180,12-JAN-13      ,14,980.5,-16.2,84,-18.6,309,0.8
180,12-JAN-13      ,15,980.8,-17.3,87,-18.6,282,0.9
180,12-JAN-13      ,16,981.1,-17.5,87,-18.6,297,1.1
180,12-JAN-13      ,17,981.3,-18.2,87,-19.4,324,1
180,12-JAN-13      ,18,981.3,-18.6,87,-20.4,321,0.7
180,12-JAN-13      ,19,981.4,-19.2,86,-21.4,331,1.1
180,12-JAN-13      ,20,981.4,-19.5,85,-21.4,310,0.9
180,12-JAN-13      ,21,981.5,-20.7,84,-22.4,201,0.2
180,12-JAN-13      ,22,981.6,-22.3,83,-24.9,237,0.5
180,12-JAN-13      ,23,981.5,-20.3,88,-21.4,317,1.3
180,13-JAN-13      ,0,981.4,-22.4,82,-24.9,321,0.8
180,13-JAN-13      ,1,981.3,-22.6,83,-24.9,309,1.1
180,13-JAN-13      ,2,981.2,-24,82,-26.4,0,0
180,13-JAN-13      ,3,981.5,-24.6,82,-26.4,132,0.7
180,13-JAN-13      ,4,981.3,-25,81,-28,164,0.2
180,13-JAN-13      ,5,981.1,-25.5,80,-28,265,0.3
180,13-JAN-13      ,6,981.2,-25.6,81,-28,202,0.2
180,13-JAN-13      ,7,981.4,-25.8,80,-28,0,0
180,13-JAN-13      ,8,981.4,-26.2,80,-28,134,0.6
180,13-JAN-13      ,9,981.6,-25.9,80,-28,121,0.7
180,13-JAN-13      ,10,981.5,-22.9,81,-24.9,110,0.8
180,13-JAN-13      ,11,981.1,-21.5,80,-23.6,291,0.8
180,13-JAN-13      ,12,980.9,-20.7,79,-23.6,298,0.8
180,13-JAN-13      ,13,980.6,-20.9,83,-22.4,213,0.6
180,13-JAN-13      ,14,980.5,-21.5,82,-23.6,0,0
180,13-JAN-13      ,15,980.6,-22.8,82,-24.9,176,0.1
180,13-JAN-13      ,16,980.5,-23.9,82,-26.4,156,0.2
180,13-JAN-13      ,17,980.6,-24.6,81,-28,208,0.1
180,13-JAN-13      ,18,980.6,-25.1,81,-28,153,0.5
180,13-JAN-13      ,19,980.4,-25.5,80,-28,0,0
180,13-JAN-13      ,20,980.2,-26.3,79,-28,128,0.7
180,13-JAN-13      ,21,980,-26.7,79,-28,160,0.3
180,13-JAN-13      ,22,980.1,-26.9,79,-28,301,0.5
180,13-JAN-13      ,23,979.9,-27.5,78,-29.9,136,0.2
180,14-JAN-13      ,0,979.8,-27,79,-28,110,0.1
180,14-JAN-13      ,1,979.4,-27.2,79,-28,124,0.9
180,14-JAN-13      ,2,979.2,-27.5,78,-29.9,164,0.1
180,14-JAN-13      ,3,978.9,-28,77,-29.9,0,0
180,14-JAN-13      ,4,978.4,-28.2,77,-29.9,126,0.1
180,14-JAN-13      ,5,977.9,-28.2,78,-29.9,124,0.3
180,14-JAN-13      ,6,977.8,-28.4,78,-29.9,0,0
180,14-JAN-13      ,7,978.1,-28.6,77,-29.9,138,0.4
180,14-JAN-13      ,8,978,-28.6,78,-29.9,119,0.7
180,14-JAN-13      ,9,977.6,-28.2,78,-29.9,124,0.7
180,14-JAN-13      ,10,977.4,-24.7,82,-26.4,141,0.2
180,14-JAN-13      ,11,977.1,-24.1,78,-26.4,113,0.6
180,14-JAN-13      ,12,976.6,-23.5,73,-26.4,122,0.2
180,14-JAN-13      ,13,976.3,-23.5,80,-26.4,162,0.5
180,14-JAN-13      ,14,976.5,-23.8,80,-26.4,158,0.5
180,14-JAN-13      ,15,976.3,-24.5,80,-28,241,1.1
180,14-JAN-13      ,16,976.3,-25.7,79,-28,126,0.8
180,14-JAN-13      ,17,976.3,-26.3,79,-28,263,0.6
180,14-JAN-13      ,18,976.3,-23.1,84,-24.9,295,1.3
180,14-JAN-13      ,19,975.9,-22.6,83,-24.9,299,1.6
180,14-JAN-13      ,20,976,-22.2,83,-24.9,150,0.3
180,14-JAN-13      ,21,975.5,-21.7,83,-23.6,312,1.3
180,14-JAN-13      ,22,975.2,-23.7,80,-26.4,161,0.1
180,14-JAN-13      ,23,974.9,-23.1,83,-24.9,300,1.1
180,15-JAN-13      ,0,974.6,-22.7,83,-24.9,256,0.3
180,15-JAN-13      ,1,974.4,-21.1,85,-23.6,189,0.7
180,15-JAN-13      ,2,974.2,-20.6,84,-22.4,109,0.3
180,15-JAN-13      ,3,973.7,-20.1,85,-22.4,121,0.1
180,15-JAN-13      ,4,973.1,-19.7,85,-21.4,116,0.9
180,15-JAN-13      ,5,972.8,-18.8,87,-20.4,308,1.2
180,15-JAN-13      ,6,972.5,-19.4,84,-21.4,286,2.1
180,15-JAN-13      ,7,972.7,-19.9,85,-21.4,272,2.5
180,15-JAN-13      ,8,972.5,-20.2,84,-22.4,281,2.9
180,15-JAN-13      ,9,972.2,-20.1,84,-22.4,268,2.5
180,15-JAN-13      ,10,972.3,-20,82,-21.4,285,2.7
180,15-JAN-13      ,11,972.3,-19.7,83,-21.4,263,2.2
180,15-JAN-13      ,12,971.9,-19.8,81,-21.4,111,0.5
180,15-JAN-13      ,13,971.8,-20.5,82,-22.4,277,0.6
180,15-JAN-13      ,14,971.6,-19.8,85,-21.4,282,1.5
180,15-JAN-13      ,15,971.4,-19,84,-20.4,322,0.9
180,15-JAN-13      ,16,971.7,-19.2,85,-21.4,293,1.1
180,15-JAN-13      ,17,971.5,-18.2,86,-19.4,324,0.5
180,15-JAN-13      ,18,971.3,-17.4,85,-18.6,325,1.2
180,15-JAN-13      ,19,971.4,-18.4,85,-20.4,268,0.7
180,15-JAN-13      ,20,971.7,-18.1,86,-19.4,258,1.1
180,15-JAN-13      ,21,971.6,-18.7,85,-20.4,244,0.7
180,15-JAN-13      ,22,971.7,-19.6,85,-21.4,267,0.9
180,15-JAN-13      ,23,971.5,-19.9,86,-21.4,268,0.9
180,16-JAN-13      ,0,971.6,-19.5,85,-21.4,262,1.3
180,16-JAN-13      ,1,972,-20.7,83,-22.4,228,0.3
180,16-JAN-13      ,2,972,-20.5,85,-22.4,255,1
180,16-JAN-13      ,3,972,-20.4,85,-22.4,194,0.6
180,16-JAN-13      ,4,971.9,-20.5,85,-22.4,241,0.8
180,16-JAN-13      ,5,972.1,-20.4,86,-22.4,275,1.8
180,16-JAN-13      ,6,972.5,-20.5,85,-22.4,269,1.3
180,16-JAN-13      ,7,972.7,-19.1,87,-20.4,252,1.5
180,16-JAN-13      ,8,973.2,-17.8,87,-19.4,283,1.7
180,16-JAN-13      ,9,973.8,-16.7,88,-17.8,267,0.9
180,16-JAN-13      ,10,973.8,-15.4,88,-17,285,1.3
180,16-JAN-13      ,11,973.7,-14.3,88,-15.6,298,1.4
180,16-JAN-13      ,12,973.6,-12.8,88,-14.4,311,1.3
180,16-JAN-13      ,13,973.7,-11.5,87,-13.2,304,2
180,16-JAN-13      ,14,974,-12.8,87,-14.4,290,1.2
180,16-JAN-13      ,15,974.5,-14.4,88,-15.6,271,0.7
180,16-JAN-13      ,16,975.1,-14.6,89,-15.6,266,0.6
180,16-JAN-13      ,17,975.4,-15.9,88,-17,190,0.3
180,16-JAN-13      ,18,976,-16,89,-17,333,1
180,16-JAN-13      ,19,976.5,-15.7,88,-17,78,0.7
180,16-JAN-13      ,20,977,-16.6,87,-17.8,291,0.6
180,16-JAN-13      ,21,977.5,-15.7,90,-17,290,1.4
180,16-JAN-13      ,22,977.9,-15.8,88,-17,321,0.9
180,16-JAN-13      ,23,978.3,-15.1,89,-16.3,203,0.4
180,17-JAN-13      ,0,978.6,-15.2,89,-16.3,280,0.8
180,17-JAN-13      ,1,978.9,-15.9,89,-17,270,1
180,17-JAN-13      ,2,979.5,-16.3,89,-17.8,300,1.4
180,17-JAN-13      ,3,979.6,-16.3,88,-17.8,352,0.5
180,17-JAN-13      ,4,980,-14.8,89,-16.3,306,1.6
180,17-JAN-13      ,5,980.4,-16.6,85,-18.6,336,1.1
180,17-JAN-13      ,6,981,-17.9,86,-19.4,329,0.8
180,17-JAN-13      ,7,981.6,-17.9,87,-19.4,330,0.3
180,17-JAN-13      ,8,982.1,-17.3,85,-18.6,349,0.3
180,17-JAN-13      ,9,982.5,-18.6,84,-20.4,301,0.7
180,17-JAN-13      ,10,982.6,-16.9,83,-19.4,306,1.2
180,17-JAN-13      ,11,982.7,-16.4,81,-18.6,294,1.6
180,17-JAN-13      ,12,982.5,-15.9,79,-18.6,322,0.7
180,17-JAN-13      ,13,982.5,-15.9,84,-17.8,312,1.4
180,17-JAN-13      ,14,982.5,-16.1,84,-18.6,254,0.7
180,17-JAN-13      ,15,982.8,-16.5,83,-18.6,317,1.7
180,17-JAN-13      ,16,982.9,-17.1,84,-19.4,322,1.1
180,17-JAN-13      ,17,982.9,-17.3,85,-18.6,310,1.6
180,17-JAN-13      ,18,982.8,-17.2,85,-18.6,320,1.4
180,17-JAN-13      ,19,982.9,-17.2,85,-18.6,318,1.5
180,17-JAN-13      ,20,982.7,-17.3,85,-18.6,283,0.6
180,17-JAN-13      ,21,982.6,-17.3,86,-18.6,0,0
180,17-JAN-13      ,22,982.6,-17.1,86,-18.6,182,0.3
180,17-JAN-13      ,23,982.2,-17.4,86,-18.6,301,1.3
180,18-JAN-13      ,0,981.7,-17.7,86,-19.4,45,0.2
180,18-JAN-13      ,1,981.4,-17.6,86,-19.4,296,0.9
180,18-JAN-13      ,2,981.1,-17.9,85,-19.4,339,0.6
180,18-JAN-13      ,3,980.9,-20.1,84,-22.4,146,0.2
180,18-JAN-13      ,4,980.4,-21.9,83,-23.6,150,0.1
180,18-JAN-13      ,5,980,-22.7,83,-24.9,0,0
180,18-JAN-13      ,6,979.7,-21.7,85,-23.6,120,1.2
180,18-JAN-13      ,7,979.7,-20.4,86,-22.4,73,0.9
180,18-JAN-13      ,8,979.6,-19.3,86,-21.4,268,0.2
180,18-JAN-13      ,9,979.3,-18.3,86,-19.4,85,0.4
180,18-JAN-13      ,10,978.8,-17,86,-18.6,143,0.3
180,18-JAN-13      ,11,978.6,-14.8,84,-17,297,0.7
180,18-JAN-13      ,12,977.9,-15.1,84,-17,279,1.7
180,18-JAN-13      ,13,977.7,-15.4,84,-17.8,287,1.9
180,18-JAN-13      ,14,977,-16,84,-17.8,288,2
180,18-JAN-13      ,15,976.8,-16.4,84,-18.6,282,2
180,18-JAN-13      ,16,976.6,-17.7,84,-19.4,261,1.7
180,18-JAN-13      ,17,976.3,-18.4,83,-20.4,355,0.9
180,18-JAN-13      ,18,976,-17.8,85,-19.4,286,1.6
180,18-JAN-13      ,19,975.7,-18,83,-20.4,280,2.2
180,18-JAN-13      ,20,975.4,-18.2,83,-20.4,277,2
180,18-JAN-13      ,21,975.3,-18.3,83,-20.4,301,1.7
180,18-JAN-13      ,22,975,-19.6,83,-21.4,312,0.9
180,18-JAN-13      ,23,974.8,-21.1,82,-23.6,0,0
180,19-JAN-13      ,0,974.6,-21.6,83,-23.6,163,0.5
180,19-JAN-13      ,1,973.6,-19.4,89,-20.4,313,1.2
180,19-JAN-13      ,2,973.1,-17.4,85,-18.6,312,1.2
180,19-JAN-13      ,3,972.6,-16.2,84,-18.6,336,1.5
180,19-JAN-13      ,4,972.1,-15,84,-17,300,2.1
180,19-JAN-13      ,5,971.6,-14.1,85,-15.6,286,2.9
180,19-JAN-13      ,6,970.7,-12.9,85,-14.4,290,2.2
180,19-JAN-13      ,7,970.3,-12.4,86,-13.8,316,1.6
180,19-JAN-13      ,8,970.2,-12.6,87,-14.4,268,2.4
180,19-JAN-13      ,9,970,-12.8,85,-14.4,325,1.5
180,19-JAN-13      ,10,969.6,-11.5,85,-13.8,284,1.8
180,19-JAN-13      ,11,969.1,-10.7,84,-12.7,301,2.6
180,19-JAN-13      ,12,968.5,-9.7,83,-12.1,316,2.1
180,19-JAN-13      ,13,968.2,-8.9,83,-11.2,313,2
180,19-JAN-13      ,14,967.6,-8.7,85,-10.7,282,0.7
180,19-JAN-13      ,15,967.1,-8.6,88,-10.2,0,0
180,19-JAN-13      ,16,966.9,-10.5,89,-11.6,243,0.3
180,19-JAN-13      ,17,966.5,-11.9,92,-12.7,139,0.2
180,19-JAN-13      ,18,966.4,-10.7,93,-11.6,132,1.1
180,19-JAN-13      ,19,966.2,-10,93,-10.7,154,0.4
180,19-JAN-13      ,20,966,-5.6,93,-6.7,286,2.4
180,19-JAN-13      ,21,965.9,-4.6,89,-6.3,283,2.4
180,19-JAN-13      ,22,966,-4.4,90,-5.7,275,1.8
180,19-JAN-13      ,23,965.9,-4.4,93,-5.3,296,1.1
180,20-JAN-13      ,0,965.9,-5,88,-6.7,307,1.2
180,20-JAN-13      ,1,965.9,-3.6,91,-4.7,283,2.4
180,20-JAN-13      ,2,966.1,-5.5,93,-6.3,194,0.3
180,20-JAN-13      ,3,966.6,-5.4,94,-6,0,0
180,20-JAN-13      ,4,966.9,-5.7,94,-6.3,76,0.3
180,20-JAN-13      ,5,967.3,-5.4,95,-6,197,0.3
180,20-JAN-13      ,6,967.7,-5.2,95,-5.7,217,0.8
180,20-JAN-13      ,7,968.2,-5.2,95,-5.7,266,0.8
180,20-JAN-13      ,8,969,-5.2,95,-5.7,303,0.9
180,20-JAN-13      ,9,969.7,-5.3,95,-6,179,0.3
180,20-JAN-13      ,10,970.2,-3.6,89,-5,302,1.3
180,20-JAN-13      ,11,970.5,-2.7,75,-6.3,293,0.6
180,20-JAN-13      ,12,971,-3.1,74,-7,318,3.4
180,20-JAN-13      ,13,971.5,-4.6,75,-8.5,63,1.2
180,20-JAN-13      ,14,971.7,-7.5,87,-9.4,286,1.4
180,20-JAN-13      ,15,972.2,-10.1,90,-11.6,237,0.1
180,20-JAN-13      ,16,972.7,-12.3,91,-13.2,248,0.4
180,20-JAN-13      ,17,973.1,-13.3,91,-14.4,145,0.5
180,20-JAN-13      ,18,973.6,-14,91,-15,252,0.5
180,20-JAN-13      ,19,973.7,-15.1,90,-16.3,338,1.1
180,20-JAN-13      ,20,974.2,-15.6,88,-17,253,0.8
180,20-JAN-13      ,21,974.9,-16.7,87,-17.8,148,0.8
180,20-JAN-13      ,22,975,-17.6,86,-19.4,303,0.9
180,20-JAN-13      ,23,975.5,-17.5,88,-18.6,251,0.9
180,21-JAN-13      ,0,975.7,-18.5,87,-20.4,289,0.9
180,21-JAN-13      ,1,975.8,-17.8,89,-19.4,296,1.7
180,21-JAN-13      ,2,975.7,-15.7,92,-16.3,291,1.8
180,21-JAN-13      ,3,975.8,-17.7,89,-19.4,307,1.2
180,21-JAN-13      ,4,976.2,-18.6,88,-20.4,325,0.9
180,21-JAN-13      ,5,976.2,-19.2,85,-21.4,276,0.5
180,21-JAN-13      ,6,976.4,-19.4,86,-21.4,314,0.9
180,21-JAN-13      ,7,976.9,-20.7,85,-22.4,154,0.6
180,21-JAN-13      ,8,977.3,-21.5,83,-23.6,237,0.4
180,21-JAN-13      ,9,977.8,-20.3,88,-21.4,294,1.1
180,21-JAN-13      ,10,977.8,-17.2,85,-18.6,310,1.9
180,21-JAN-13      ,11,977.7,-16.4,84,-18.6,337,1.5
180,21-JAN-13      ,12,977.5,-15.1,83,-17,294,1.3
180,21-JAN-13      ,13,977.1,-16.8,82,-19.4,325,0.3
180,21-JAN-13      ,14,977,-17.9,85,-19.4,240,0.3
180,21-JAN-13      ,15,976.8,-18.1,87,-19.4,284,1.3
180,21-JAN-13      ,16,976.8,-19.7,84,-21.4,284,0.8
180,21-JAN-13      ,17,976.7,-19.7,88,-21.4,289,1.1
180,21-JAN-13      ,18,976.5,-19.9,86,-21.4,296,1.2
180,21-JAN-13      ,19,976.5,-20.3,86,-22.4,298,1.5
180,21-JAN-13      ,20,976.7,-20.4,85,-22.4,322,1.5
180,21-JAN-13      ,21,976.8,-20.8,84,-22.4,317,1.3
180,21-JAN-13      ,22,976.7,-20.6,85,-22.4,287,1.5
180,21-JAN-13      ,23,976.5,-21.1,83,-23.6,315,1.6
180,22-JAN-13      ,0,976.4,-21.8,83,-23.6,317,1.6
180,22-JAN-13      ,1,976.1,-21.8,83,-23.6,327,1.8
180,22-JAN-13      ,2,975.6,-21.8,83,-23.6,308,1.7
180,22-JAN-13      ,3,975.1,-22,82,-23.6,318,1.5
180,22-JAN-13      ,4,974.5,-21.9,82,-23.6,315,1.4
180,22-JAN-13      ,5,974.1,-21.9,82,-23.6,311,1.5
180,22-JAN-13      ,6,974.1,-24.3,80,-26.4,243,0.4
180,22-JAN-13      ,7,973.8,-25.3,80,-28,236,0.3
180,22-JAN-13      ,8,973.8,-26,80,-28,217,0.5
180,22-JAN-13      ,9,974.2,-24.4,84,-24.9,141,0.7
180,22-JAN-13      ,10,974.1,-20.2,82,-22.4,311,1
180,22-JAN-13      ,11,973.6,-18,78,-20.4,296,2.3
180,22-JAN-13      ,12,973.3,-16.7,76,-19.4,332,1.4
180,22-JAN-13      ,13,972.7,-17.4,81,-19.4,299,1.4
180,22-JAN-13      ,14,972.4,-18.2,86,-19.4,275,1.2
180,22-JAN-13      ,15,972.3,-19.5,83,-21.4,242,0.8
180,22-JAN-13      ,16,972.4,-21.8,83,-23.6,146,0.4
180,22-JAN-13      ,17,972.3,-22.6,83,-24.9,268,1
180,22-JAN-13      ,18,972.4,-23.7,82,-26.4,123,1.4
180,22-JAN-13      ,19,972.3,-24.5,81,-28,131,0.5
180,22-JAN-13      ,20,972.5,-24.8,80,-28,244,0.1
180,22-JAN-13      ,21,972.4,-23,84,-24.9,279,1.1
180,22-JAN-13      ,22,972.5,-24.1,82,-26.4,286,1
180,22-JAN-13      ,23,972.5,-25.1,80,-28,240,0.6
180,23-JAN-13      ,0,972.4,-25.4,81,-28,248,0.3
180,23-JAN-13      ,1,972.4,-23.9,81,-26.4,8,0.5
180,23-JAN-13      ,2,972.2,-21.2,85,-23.6,329,1.1
180,23-JAN-13      ,3,972,-20.8,85,-22.4,313,1.1
180,23-JAN-13      ,4,971.9,-19.4,84,-21.4,329,1.7
180,23-JAN-13      ,5,971.7,-18.3,82,-20.4,327,1.3
180,23-JAN-13      ,6,971.6,-17.7,80,-20.4,292,2.9
180,23-JAN-13      ,7,971.4,-19.1,79,-21.4,320,1.7
180,23-JAN-13      ,8,971.8,-19.2,82,-21.4,294,2.3
180,23-JAN-13      ,9,972,-19.6,81,-21.4,316,2.3
180,23-JAN-13      ,10,971.9,-17.2,78,-20.4,297,3.1
180,23-JAN-13      ,11,971.7,-15.4,77,-18.6,298,2.6
180,23-JAN-13      ,12,971.4,-14.1,73,-17.8,301,2
180,23-JAN-13      ,13,971.3,-13.6,76,-17,313,1.9
180,23-JAN-13      ,14,971.2,-14.1,82,-16.3,305,1
180,23-JAN-13      ,15,971.3,-13.3,80,-15.6,308,1.5
180,23-JAN-13      ,16,971.4,-15.2,87,-16.3,200,0.7
180,23-JAN-13      ,17,971.7,-14,90,-15,160,0.5
180,23-JAN-13      ,18,971.5,-13.1,90,-14.4,352,0.3
180,23-JAN-13      ,19,971.6,-12.2,90,-13.2,299,1
180,23-JAN-13      ,20,971.4,-12.2,88,-13.8,268,0.5
180,23-JAN-13      ,21,971.6,-11.3,88,-12.7,231,0.6
180,23-JAN-13      ,22,972,-11.4,89,-12.7,324,0.6
180,23-JAN-13      ,23,971.9,-10.6,90,-12.1,281,0.9
180,24-JAN-13      ,0,972,-9.8,89,-11.2,298,1.4
180,24-JAN-13      ,1,972.3,-9.8,88,-11.2,315,1.1
180,24-JAN-13      ,2,972.4,-9.9,90,-11.2,280,1.2
180,24-JAN-13      ,3,972.2,-9.9,90,-11.2,269,1.3
180,24-JAN-13      ,4,972.2,-9.8,90,-11.2,274,0.9
180,24-JAN-13      ,5,972.4,-9.9,90,-11.2,259,0.8
180,24-JAN-13      ,6,972.9,-11.6,90,-12.7,278,1.7
180,24-JAN-13      ,7,973.2,-14.8,89,-16.3,132,0.5
180,24-JAN-13      ,8,973.6,-16.8,87,-18.6,119,0.1
180,24-JAN-13      ,9,973.8,-16.4,91,-17.8,257,0.5
180,24-JAN-13      ,10,974.1,-12.9,79,-15.6,0,0
180,24-JAN-13      ,11,974,-13.1,70,-17.8,128,0.7
180,24-JAN-13      ,12,973.8,-10.9,77,-13.8,123,0.6
180,24-JAN-13      ,13,973.9,-12.3,81,-15,0,0
180,24-JAN-13      ,14,974.1,-13.5,87,-15,208,0.9
180,24-JAN-13      ,15,974.5,-14.9,88,-16.3,273,0.2
180,24-JAN-13      ,16,974.9,-16.6,89,-17.8,175,0.5
180,24-JAN-13      ,17,975.2,-18,88,-19.4,129,0.7
180,24-JAN-13      ,18,975,-19.1,87,-20.4,301,0.4
180,24-JAN-13      ,19,975.4,-17.3,92,-17.8,281,2
180,24-JAN-13      ,20,975.6,-17.1,88,-18.6,288,1.7
180,24-JAN-13      ,21,975.7,-18,87,-19.4,283,1.1
180,24-JAN-13      ,22,975.4,-21.1,83,-23.6,125,0.9
180,24-JAN-13      ,23,975.4,-19.9,88,-21.4,269,1.2
180,25-JAN-13      ,0,975.1,-22.5,82,-24.9,217,0.3
180,25-JAN-13      ,1,974.9,-23.4,81,-26.4,0,0
180,25-JAN-13      ,2,974.7,-24.2,81,-26.4,150,0.3
180,25-JAN-13      ,3,974.4,-24.7,81,-28,116,0.3
180,25-JAN-13      ,4,974,-25,81,-28,0,0
180,25-JAN-13      ,5,973.4,-25.3,81,-28,127,0.4
180,25-JAN-13      ,6,973.2,-25.6,80,-28,140,0.1
180,25-JAN-13      ,7,972.6,-25.9,80,-28,0,0
180,25-JAN-13      ,8,972.4,-25.7,80,-28,0,0
180,25-JAN-13      ,9,972.1,-24.9,80,-28,251,0.3
180,25-JAN-13      ,10,971.7,-21.6,85,-23.6,93,0.4
180,25-JAN-13      ,11,971.1,-19.8,82,-21.4,324,0.2
180,25-JAN-13      ,12,970.7,-18.8,72,-22.4,255,0.5
180,25-JAN-13      ,13,969.7,-19.4,77,-22.4,139,0.5
180,25-JAN-13      ,14,969.6,-20.2,82,-22.4,170,0.6
180,25-JAN-13      ,15,969.3,-21.6,82,-23.6,148,0.5
180,25-JAN-13      ,16,969.1,-22.7,82,-24.9,280,0.3
180,25-JAN-13      ,17,969,-23.6,82,-26.4,225,0.7
180,25-JAN-13      ,18,968.6,-24.5,81,-28,105,0.2
180,25-JAN-13      ,19,968.3,-25,81,-28,52,0.2
180,25-JAN-13      ,20,967.9,-25.4,80,-28,133,0.2
180,25-JAN-13      ,21,967.6,-25.5,81,-28,256,0.7
180,25-JAN-13      ,22,967.3,-25.5,80,-28,126,0.5
180,25-JAN-13      ,23,966.6,-24.8,82,-26.4,117,1.4
180,26-JAN-13      ,0,966.1,-23.3,82,-26.4,306,1.3
180,26-JAN-13      ,1,965.1,-22.5,83,-24.9,54,0.2
180,26-JAN-13      ,2,964.7,-21.2,84,-23.6,295,0.7
180,26-JAN-13      ,3,963.9,-20.6,84,-22.4,39,0.8
180,26-JAN-13      ,4,963.3,-20,85,-21.4,47,0.3
180,26-JAN-13      ,5,962.5,-19.3,84,-21.4,62,0.2
180,26-JAN-13      ,6,962.2,-18.6,85,-20.4,110,0.6
180,26-JAN-13      ,7,961.9,-18,86,-19.4,212,0.3
180,26-JAN-13      ,8,961.9,-17.3,85,-18.6,113,0.2
180,26-JAN-13      ,9,961.8,-16.4,86,-17.8,47,0.5
180,26-JAN-13      ,10,961.8,-15.5,87,-17,339,1
180,26-JAN-13      ,11,961,-14.5,87,-16.3,35,0.3
180,26-JAN-13      ,12,960.3,-12.6,91,-13.8,76,0.7
180,26-JAN-13      ,13,959.8,-6.3,98,-6.7,105,3.3
180,26-JAN-13      ,14,959.8,-5.3,93,-6.3,118,2.6
180,26-JAN-13      ,15,959.8,-5.2,92,-6,112,2.6
180,26-JAN-13      ,16,960,-5.2,92,-6,117,2.3
180,26-JAN-13      ,17,959.8,-5.4,93,-6.3,109,1.5
180,26-JAN-13      ,18,959.4,-5.3,93,-6.3,106,2
180,26-JAN-13      ,19,959.3,-5.5,92,-6.3,122,1.5
180,26-JAN-13      ,20,959.1,-5.9,93,-7,131,0.9
180,26-JAN-13      ,21,958.7,-5.5,92,-6.3,114,2
180,26-JAN-13      ,22,958.7,-5.4,89,-7,79,2.3
180,26-JAN-13      ,23,959,-5.6,88,-7.4,116,2
180,27-JAN-13      ,0,959,-5.7,86,-7.8,120,1.4
180,27-JAN-13      ,1,958.4,-5.9,88,-7.8,114,1.9
180,27-JAN-13      ,2,957.9,-6.4,91,-7.4,118,1.4
180,27-JAN-13      ,3,957.5,-6.3,92,-7.4,110,2
180,27-JAN-13      ,4,957,-6.2,91,-7.4,104,2.5
180,27-JAN-13      ,5,956.8,-6.2,92,-7.4,110,2.2
180,27-JAN-13      ,6,956.3,-6.3,93,-7.4,109,2.4
180,27-JAN-13      ,7,956,-6.4,94,-7,121,2.2
180,27-JAN-13      ,8,955.5,-6.4,94,-7,128,2.3
180,27-JAN-13      ,9,954.9,-6.3,96,-7,113,2.2
180,27-JAN-13      ,10,954.1,-6.1,94,-6.7,121,2.6
180,27-JAN-13      ,11,953.6,-6.1,92,-7,118,2.9
180,27-JAN-13      ,12,952.6,-6.3,91,-7.4,119,3.1
180,27-JAN-13      ,13,951.9,-6.6,92,-7.8,120,3.2
180,27-JAN-13      ,14,951,-6.7,90,-8.1,125,2.9
180,27-JAN-13      ,15,950.3,-6.8,91,-7.8,127,3
180,27-JAN-13      ,16,949.1,-7,93,-8.1,138,2.1
180,27-JAN-13      ,17,948.2,-7,93,-8.1,138,2
180,27-JAN-13      ,18,947.5,-7,93,-8.1,146,1.6
180,27-JAN-13      ,19,946.7,-6.9,93,-8.1,160,1.5
180,27-JAN-13      ,20,946.1,-6.8,93,-7.8,183,1.3
180,27-JAN-13      ,21,945.4,-6.8,93,-7.8,80,0.3
180,27-JAN-13      ,22,945.2,-6.8,94,-7.4,83,0.5
180,27-JAN-13      ,23,944.8,-6.8,94,-7.4,322,0.2
180,28-JAN-13      ,0,944.3,-6.8,95,-7.4,144,0.7
180,28-JAN-13      ,1,943.8,-6.6,95,-7.4,155,0.2
180,28-JAN-13      ,2,943.3,-6.4,95,-7,273,0.9
180,28-JAN-13      ,3,942.6,-6.3,95,-7,0,0
180,28-JAN-13      ,4,942.4,-6.1,95,-6.7,0,0
180,28-JAN-13      ,5,942.5,-5.8,95,-6.3,143,1.6
180,28-JAN-13      ,6,943.1,-4.1,96,-4.7,178,2
180,28-JAN-13      ,7,944.1,-2.4,92,-3.5,133,2.7
180,28-JAN-13      ,8,945.2,-2.8,95,-3.3,120,2
180,28-JAN-13      ,9,946.5,-2,90,-3.3,108,2.4
180,28-JAN-13      ,10,947.4,-1.5,89,-3,110,2.3
180,28-JAN-13      ,11,948.1,-1.5,91,-2.7,108,2.5
180,28-JAN-13      ,12,949.1,-1,91,-2.2,116,2.1
180,28-JAN-13      ,13,949.7,-0.8,90,-2.2,117,2.6
180,28-JAN-13      ,14,950.2,-1.4,92,-2.4,127,3
180,28-JAN-13      ,15,950.8,-1.7,93,-2.7,124,3.5
180,28-JAN-13      ,16,951.1,-1.7,94,-2.4,133,1.7
180,28-JAN-13      ,17,951.2,-0.7,93,-1.7,87,2.9
180,28-JAN-13      ,18,951.3,-1,93,-1.9,119,2
180,28-JAN-13      ,19,951.1,-0.5,92,-1.7,127,2.3
180,28-JAN-13      ,20,951.1,-0.3,91,-1.4,120,1.5
180,28-JAN-13      ,21,951.1,-0.1,89,-1.7,108,1.3
180,28-JAN-13      ,22,951,-0.1,90,-1.4,104,1.3
180,28-JAN-13      ,23,951,-0.2,92,-1.4,102,1.4
180,29-JAN-13      ,0,950.6,-0.2,94,-1.2,95,1.6
180,29-JAN-13      ,1,950.1,-0.3,97,-0.7,115,1.8
180,29-JAN-13      ,2,949.8,-0.2,96,-0.7,120,1.5
180,29-JAN-13      ,3,949.5,0,98,-0.2,111,1.8
180,29-JAN-13      ,4,949.3,0.2,96,-0.2,111,1.6
180,29-JAN-13      ,5,948.9,0.1,97,-0.2,115,2.5
180,29-JAN-13      ,6,948.7,-0.1,97,-0.5,128,2.3
180,29-JAN-13      ,7,948.4,-0.3,97,-0.7,122,2.9
180,29-JAN-13      ,8,948.2,-0.4,98,-0.7,126,2.8
180,29-JAN-13      ,9,948.1,-0.2,98,-0.5,122,2.6
180,29-JAN-13      ,10,948.3,-0.3,97,-0.7,116,3
180,29-JAN-13      ,11,948.3,-0.2,96,-0.7,120,2.5
180,29-JAN-13      ,12,948.4,-0.3,96,-0.7,119,2.1
180,29-JAN-13      ,13,948.4,-0.3,96,-0.7,125,2.4
180,29-JAN-13      ,14,948.5,-0.3,96,-0.7,118,2.2
180,29-JAN-13      ,15,948.6,-0.5,96,-0.9,134,1.9
180,29-JAN-13      ,16,948.7,-0.7,97,-1.2,115,1.9
180,29-JAN-13      ,17,948.8,-0.7,97,-1.2,91,1.9
180,29-JAN-13      ,18,949,-0.7,97,-1.2,118,1.3
180,29-JAN-13      ,19,949.2,-0.8,97,-1.2,112,1.7
180,29-JAN-13      ,20,949.2,-0.9,97,-1.4,110,1.5
180,29-JAN-13      ,21,948.6,-1,97,-1.4,125,1.5
180,29-JAN-13      ,22,947.9,-1.1,97,-1.7,134,1.1
180,29-JAN-13      ,23,947.1,-1,97,-1.4,116,1.7
180,30-JAN-13      ,0,946,-1,98,-1.2,130,2.1
180,30-JAN-13      ,1,944.7,-1,98,-1.2,133,2
180,30-JAN-13      ,2,942.6,-1,98,-1.2,137,2.3
180,30-JAN-13      ,3,941.4,-0.9,98,-1.2,122,2.3
180,30-JAN-13      ,4,940.6,-0.8,98,-0.9,127,2.2
180,30-JAN-13      ,5,938.7,-0.8,98,-0.9,133,2.2
180,30-JAN-13      ,6,936.7,-0.7,98,-0.9,133,2.3
180,30-JAN-13      ,7,935.3,-0.6,98,-0.9,124,2
180,30-JAN-13      ,8,934.6,-0.2,98,-0.5,101,1.9
180,30-JAN-13      ,9,933.9,0.3,98,0,120,2.2
180,30-JAN-13      ,10,933.4,0.7,96,0,128,3.3
180,30-JAN-13      ,11,933.1,1.2,92,0.2,128,2.5
180,30-JAN-13      ,12,932.8,1.1,93,0,101,2.8
180,30-JAN-13      ,13,932.8,1.3,90,-0.2,105,2.5
180,30-JAN-13      ,14,932.3,1,90,-0.5,86,2.6
180,30-JAN-13      ,15,932.1,0.7,91,-0.7,94,2.9
180,30-JAN-13      ,16,931.7,0.7,91,-0.7,158,2
180,30-JAN-13      ,17,930.9,0.6,93,-0.2,117,2.2
180,30-JAN-13      ,18,930.1,0.5,94,-0.5,122,2
180,30-JAN-13      ,19,929.5,0.5,95,-0.2,114,2.3
180,30-JAN-13      ,20,929.1,0.5,95,-0.2,118,2.7
180,30-JAN-13      ,21,928.9,0.6,95,0,125,2.7
180,30-JAN-13      ,22,928.7,0.7,93,-0.2,117,2.7
180,30-JAN-13      ,23,928.9,0.6,95,0,117,2.2
180,31-JAN-13      ,0,929.3,0.6,95,0,116,1.9
180,31-JAN-13      ,1,930.1,0.2,96,-0.2,151,1.2
180,31-JAN-13      ,2,931.1,0.1,97,-0.2,215,0.4
180,31-JAN-13      ,3,932.2,0,97,-0.5,302,0.2
180,31-JAN-13      ,4,933.7,0,97,-0.5,238,0.3
180,31-JAN-13      ,5,934.8,-0.1,87,-1.9,311,2.9
180,31-JAN-13      ,6,936.5,0,82,-2.7,310,3.5
180,31-JAN-13      ,7,937.8,-0.8,83,-3.3,282,3
180,31-JAN-13      ,8,938.9,-1,78,-4.4,329,2.9
180,31-JAN-13      ,9,940.3,-1.4,75,-5.3,309,2.6
180,31-JAN-13      ,10,941.6,-0.3,70,-5,297,2.6
180,31-JAN-13      ,11,942.7,-0.2,68,-5.3,308,2.2
180,31-JAN-13      ,12,943.2,0.4,67,-5,297,1.7
180,31-JAN-13      ,13,944,0.2,65,-5.7,298,3.4
180,31-JAN-13      ,14,944.5,-0.7,70,-5.3,287,3.4
180,31-JAN-13      ,15,945,-2.1,78,-5.3,307,2.9
180,31-JAN-13      ,16,945.5,-5.9,90,-7.4,185,0.9
180,31-JAN-13      ,17,945.9,-8.1,93,-8.9,127,0.7
180,31-JAN-13      ,18,946.4,-9.5,94,-10.2,227,0.9
180,31-JAN-13      ,19,946.8,-10.9,92,-11.6,282,0.3
180,31-JAN-13      ,20,947.2,-12.6,91,-13.8,150,0.8
180,31-JAN-13      ,21,948,-14.2,89,-15.6,275,0.3
180,31-JAN-13      ,22,948.6,-15.5,88,-17,91,0.6
180,31-JAN-13      ,23,949.2,-16.3,88,-17.8,211,0.7
180,01-FEB-13      ,0,949.3,-17.1,88,-18.6,161,0.8
180,01-FEB-13      ,1,949.6,-18.1,87,-19.4,293,0.4
180,01-FEB-13      ,2,949.8,-18.9,86,-20.4,290,0.6
180,01-FEB-13      ,3,949.6,-19.8,85,-21.4,181,0.2
180,01-FEB-13      ,4,950.1,-20.7,85,-22.4,213,0.4
180,01-FEB-13      ,5,950.2,-21,85,-23.6,246,0.5
180,01-FEB-13      ,6,950.1,-21.3,85,-23.6,132,0.7
180,01-FEB-13      ,7,950.1,-22,84,-23.6,148,0.9
180,01-FEB-13      ,8,950.2,-22.7,82,-24.9,189,0.1
180,01-FEB-13      ,9,950.5,-19.4,90,-20.4,181,0.2
180,01-FEB-13      ,10,950.5,-15.7,89,-17,320,0.3
180,01-FEB-13      ,11,950.3,-14.5,84,-16.3,154,0.3
180,01-FEB-13      ,12,950.1,-12.2,76,-15.6,45,0.3
180,01-FEB-13      ,13,949.9,-13.1,79,-16.3,260,0.3
180,01-FEB-13      ,14,949.7,-14.6,87,-16.3,297,0.6
180,01-FEB-13      ,15,949.6,-16,87,-17,242,0.8
180,01-FEB-13      ,16,949.4,-18,86,-19.4,178,0.5
180,01-FEB-13      ,17,949.4,-18.8,87,-20.4,312,1.1
180,01-FEB-13      ,18,949.3,-20.2,85,-22.4,193,0.8
180,01-FEB-13      ,19,949.3,-21.1,84,-23.6,267,0.4
180,01-FEB-13      ,20,949.2,-22.2,84,-24.9,100,0.8
180,01-FEB-13      ,21,949.2,-22.6,83,-24.9,191,0.3
180,01-FEB-13      ,22,948.9,-23.1,83,-24.9,201,0.5
180,01-FEB-13      ,23,948.9,-23.3,83,-26.4,131,0.3
